{"cameraMode":{"drawMode":0,"name":"Shaded","section":"Shading Mode"},"sceneLighting":false,"audioPlay":false,"sceneViewState":{"showFog":true,"showMaterialUpdate":false,"showSkybox":true,"showFlares":true,"showImageEffects":true,"showParticleSystems":true},"in2DMode":false,"pivot":{"x":13.011865615844727,"y":0.47092151641845705,"z":25.38358497619629},"rotation":{"x":-0.0937192365527153,"y":-0.3955332636833191,"z":0.0405961237847805,"w":-0.9127771854400635},"size":7.2126970291137699,"orthographic":false}