{"cameraMode":{"drawMode":0,"name":"Shaded","section":"Shading Mode"},"sceneLighting":false,"audioPlay":false,"sceneViewState":{"showFog":true,"showMaterialUpdate":false,"showSkybox":true,"showFlares":true,"showImageEffects":true,"showParticleSystems":true},"in2DMode":false,"pivot":{"x":-4.537343978881836,"y":11.712030410766602,"z":96.5514144897461},"rotation":{"x":-0.02705295942723751,"y":-0.8576098084449768,"z":0.045327503234148028,"w":-0.5116229057312012},"size":5.123247146606445,"orthographic":false}