{"cameraMode":{"drawMode":0,"name":"Shaded","section":"Shading Mode"},"sceneLighting":false,"audioPlay":false,"sceneViewState":{"showFog":true,"showMaterialUpdate":false,"showSkybox":true,"showFlares":true,"showImageEffects":true,"showParticleSystems":true},"in2DMode":false,"pivot":{"x":21.51470947265625,"y":1.9745450019836426,"z":29.087343215942384},"rotation":{"x":0.09593994915485382,"y":-0.4335609972476959,"z":0.04648861661553383,"w":0.8948215246200562},"size":7.3708648681640629,"orthographic":false}