{"cameraMode":{"drawMode":0,"name":"Shaded","section":"Shading Mode"},"sceneLighting":false,"audioPlay":false,"sceneViewState":{"showFog":true,"showMaterialUpdate":false,"showSkybox":true,"showFlares":true,"showImageEffects":true,"showParticleSystems":true},"in2DMode":false,"pivot":{"x":-6.152805328369141,"y":2.4370906352996828,"z":0.03786659240722656},"rotation":{"x":0.21010178327560426,"y":0.36219897866249087,"z":-0.0841689258813858,"w":0.9042174220085144},"size":13.635787010192871,"orthographic":false}