{"cameraMode":{"drawMode":0,"name":"Shaded","section":"Shading Mode"},"sceneLighting":false,"audioPlay":false,"sceneViewState":{"showFog":true,"showMaterialUpdate":false,"showSkybox":true,"showFlares":true,"showImageEffects":true,"showParticleSystems":true},"in2DMode":false,"pivot":{"x":45.45113754272461,"y":10.837518692016602,"z":108.68720245361328},"rotation":{"x":0.003253506263718009,"y":-0.9957982301712036,"z":0.03916606307029724,"w":0.08294931054115296},"size":10.092001914978028,"orthographic":false}